{"metadata":{"asset_id":"ce0eb493-dc45-4eab-9033-4c58047a143f","asset_attributes":["notebook"],"name":"Final_Assignment","asset_type":"notebook","created_at":"2023-05-12T16:54:59Z","description":"Coursera IBM Data Science Module 5 - Python Basics Final Assignment","origin_country":"us","owner_id":"IBMid-665003CGM6","project_id":"83d803d2-6306-44eb-85c7-a2862ae3c832","size":4402462,"tags":["notebook"],"usage":{"last_update_time":1684426595528,"last_updated_at":"2023-05-18T16:16:35Z"}},"entity":{"notebook":{"kernel":{"name":"python3","display_name":"Python 3.9","language":"python"},"originates_from":{"type":"blank"},"runtime":{"environment":"conda1rt221-83d803d2-6306-44eb-85c7-a2862ae3c832"}},"location_definition":{"physical_location_code":"DAL","physical_location_code_assigned_by":"IBMid-665003CGM6","physical_location_code_rds_id":"c57cb90f-2126-3800-9c9f-9eab82021cdf","physical_location_code_rds_version":"00002023-0511-4204-8856-611501000000_3","physical_location_code_assignment_method":"INFERRED","physical_location_code_added_on":"1683910500346"}},"attachments":[{"id":"d61d58bb-0e34-481e-973a-41da61e17379","version":2,"asset_type":"notebook","name":"attachment for notebook ce0eb493-dc45-4eab-9033-4c58047a143f","description":"attachment for notebook ce0eb493-dc45-4eab-9033-4c58047a143f","mime":"application/json","datasource_type":"193a97c1-4475-4a19-b90c-295c4fdc6517","object_key":"notebook/Final_Assignment_ZAUT7jz0A.ipynb","creator_id":"IBMid-665003CGM6","create_time":1683910500349,"size":4402462,"is_remote":false,"is_managed":false,"is_referenced":true,"is_object_key_read_only":false,"is_user_provided_path_key":true,"transfer_complete":true,"is_partitioned":false,"complete_time_ticks":1683910500349,"user_data":{},"test_doc":0,"handle":{"bucket":"pythonbasicsfordatascienceproject-donotdelete-pr-6jrhw2n79cchzx","location":"us-south","type":"bluemix_cos","key":"notebook/Final_Assignment_ZAUT7jz0A.ipynb","upload_id":"done","max_part_num":1},"usage":{"access_count":14,"last_accessor_id":"IBMid-665003CGM6","last_access_time":1684426595511,"last_updater_id":"IBMid-665003CGM6","last_update_time":1684426595511}}]}
